gradcam_id,analysis_id,model_name,file_path,file_url,created_at
70e3f813-02fb-48d8-822f-2f34ad058a46,5c01b03b-4360-4942-9d24-2c09bbc6bd77,Simple CNN,static/heatmaps\cam_Simple CNN_cloud_20260419_125000.jpg,/static/heatmaps/cam_Simple%20CNN_cloud_20260419_125000.jpg,2026-04-19 12:50:01
88808b6e-fee5-4d31-a09c-3ce377e4c2db,5c01b03b-4360-4942-9d24-2c09bbc6bd77,MobileNetV2,static/heatmaps\cam_MobileNetV2_cloud_20260419_125000.jpg,/static/heatmaps/cam_MobileNetV2_cloud_20260419_125000.jpg,2026-04-19 12:50:01
b3f73157-691b-4332-9d7b-773fbafd85c2,5c01b03b-4360-4942-9d24-2c09bbc6bd77,EfficientNetB0,static/heatmaps\cam_EfficientNetB0_cloud_20260419_125000.jpg,/static/heatmaps/cam_EfficientNetB0_cloud_20260419_125000.jpg,2026-04-19 12:50:01
b4b2aeb4-2f59-4787-be99-6a1c1953372f,5d183301-dbf2-443c-b48c-2b9899d43907,Simple CNN,static/heatmaps\cam_Simple CNN_cloud_20260419_125000.jpg,/static/heatmaps/cam_Simple%20CNN_cloud_20260419_125000.jpg,2026-04-19 13:32:19
4de253c6-fddb-4eb6-af0d-469d9be11c93,5d183301-dbf2-443c-b48c-2b9899d43907,MobileNetV2,static/heatmaps\cam_MobileNetV2_cloud_20260419_125000.jpg,/static/heatmaps/cam_MobileNetV2_cloud_20260419_125000.jpg,2026-04-19 13:32:19
4f839ec1-99c1-4ddc-9ce1-02dd92743c12,5d183301-dbf2-443c-b48c-2b9899d43907,EfficientNetB0,static/heatmaps\cam_EfficientNetB0_cloud_20260419_125000.jpg,/static/heatmaps/cam_EfficientNetB0_cloud_20260419_125000.jpg,2026-04-19 13:32:19
5548d497-9777-47aa-8b72-dca297300b75,ee1580b1-4782-4077-8593-65c66e595b1d,Simple CNN,static/heatmaps\cam_Simple CNN_cloud_20260419_133509.png,/static/heatmaps/cam_Simple%20CNN_cloud_20260419_133509.png,2026-04-19 13:35:11
229f03a0-2230-4066-886e-f38a34c0c2e9,ee1580b1-4782-4077-8593-65c66e595b1d,MobileNetV2,static/heatmaps\cam_MobileNetV2_cloud_20260419_133509.png,/static/heatmaps/cam_MobileNetV2_cloud_20260419_133509.png,2026-04-19 13:35:11
b1272bd6-5e19-43a9-a738-674a1a871398,ee1580b1-4782-4077-8593-65c66e595b1d,EfficientNetB0,static/heatmaps\cam_EfficientNetB0_cloud_20260419_133509.png,/static/heatmaps/cam_EfficientNetB0_cloud_20260419_133509.png,2026-04-19 13:35:11
00ad5411-db06-4241-b849-34fba88ff24e,82d50942-5d8b-4943-99b1-383639988fbd,Simple CNN,static/heatmaps\cam_Simple CNN_cloud_20260425_004437.png,/static/heatmaps/cam_Simple%20CNN_cloud_20260425_004437.png,2026-04-25 00:44:39
176d3afe-ee3a-4a57-87fd-940818d5aa2c,82d50942-5d8b-4943-99b1-383639988fbd,MobileNetV2,static/heatmaps\cam_MobileNetV2_cloud_20260425_004437.png,/static/heatmaps/cam_MobileNetV2_cloud_20260425_004437.png,2026-04-25 00:44:39
5556345f-548d-4ea8-a5d0-5ad7506d1db2,82d50942-5d8b-4943-99b1-383639988fbd,EfficientNetB0,static/heatmaps\cam_EfficientNetB0_cloud_20260425_004437.png,/static/heatmaps/cam_EfficientNetB0_cloud_20260425_004437.png,2026-04-25 00:44:39
b489d2a5-0694-45c9-83ed-6ff3a297760f,804fb3ab-15ad-49e3-b590-04b44140297d,Simple CNN,static/heatmaps\cam_Simple CNN_cloud_20260515_125834.jpg,/static/heatmaps/cam_Simple%20CNN_cloud_20260515_125834.jpg,2026-05-15 12:58:36
40f9724f-46ff-4531-914a-392471ef8ea7,804fb3ab-15ad-49e3-b590-04b44140297d,MobileNetV2,static/heatmaps\cam_MobileNetV2_cloud_20260515_125834.jpg,/static/heatmaps/cam_MobileNetV2_cloud_20260515_125834.jpg,2026-05-15 12:58:36
1a9fbf36-4c03-4a39-a89f-d33fe4cdebf5,804fb3ab-15ad-49e3-b590-04b44140297d,EfficientNetB0,static/heatmaps\cam_EfficientNetB0_cloud_20260515_125834.jpg,/static/heatmaps/cam_EfficientNetB0_cloud_20260515_125834.jpg,2026-05-15 12:58:36
6f5557a2-c905-4655-bda8-530a7e6d3d93,3d1f5627-ac73-4130-bda9-e645ab33b633,Simple CNN,static/heatmaps\cam_Simple CNN_cloud_20260515_133253.jpg,/static/heatmaps/cam_Simple%20CNN_cloud_20260515_133253.jpg,2026-05-15 13:32:55
2b8634e8-caa1-4904-aeec-0f8d4abb8160,3d1f5627-ac73-4130-bda9-e645ab33b633,MobileNetV2,static/heatmaps\cam_MobileNetV2_cloud_20260515_133253.jpg,/static/heatmaps/cam_MobileNetV2_cloud_20260515_133253.jpg,2026-05-15 13:32:55
1dd2257f-2f41-407d-9359-f28f5e5a250e,3d1f5627-ac73-4130-bda9-e645ab33b633,EfficientNetB0,static/heatmaps\cam_EfficientNetB0_cloud_20260515_133253.jpg,/static/heatmaps/cam_EfficientNetB0_cloud_20260515_133253.jpg,2026-05-15 13:32:55
3666353d-b76a-4b3b-bc97-8500e1e8ff0e,6e01dd00-3868-49c6-8ce4-4841cd77e409,Simple CNN,static/heatmaps\cam_Simple CNN_cloud_20260515_133253.jpg,/static/heatmaps/cam_Simple%20CNN_cloud_20260515_133253.jpg,2026-05-15 13:40:03
2de354c3-f46d-471e-941c-a639293d40bd,6e01dd00-3868-49c6-8ce4-4841cd77e409,MobileNetV2,static/heatmaps\cam_MobileNetV2_cloud_20260515_133253.jpg,/static/heatmaps/cam_MobileNetV2_cloud_20260515_133253.jpg,2026-05-15 13:40:03
e185018e-539a-414c-8c62-67ad5b317e3a,6e01dd00-3868-49c6-8ce4-4841cd77e409,EfficientNetB0,static/heatmaps\cam_EfficientNetB0_cloud_20260515_133253.jpg,/static/heatmaps/cam_EfficientNetB0_cloud_20260515_133253.jpg,2026-05-15 13:40:03
97a200e7-cee4-417a-bf09-cdc542809f1a,81c76f38-fee9-4e80-b7fe-ed8e6ba7b76a,Simple CNN,static/heatmaps\cam_Simple CNN_cloud_20260515_134041.jpg,/static/heatmaps/cam_Simple%20CNN_cloud_20260515_134041.jpg,2026-05-15 13:40:41
47fee744-1de6-4eb4-897c-438f511de292,81c76f38-fee9-4e80-b7fe-ed8e6ba7b76a,MobileNetV2,static/heatmaps\cam_MobileNetV2_cloud_20260515_134041.jpg,/static/heatmaps/cam_MobileNetV2_cloud_20260515_134041.jpg,2026-05-15 13:40:41
1010ec5e-430e-4852-bd58-6a8d0d14d6e5,81c76f38-fee9-4e80-b7fe-ed8e6ba7b76a,EfficientNetB0,static/heatmaps\cam_EfficientNetB0_cloud_20260515_134041.jpg,/static/heatmaps/cam_EfficientNetB0_cloud_20260515_134041.jpg,2026-05-15 13:40:41
b6bdcb1e-4ebe-45ad-838f-5c6487e95228,b87a2c77-e6c2-4fc6-ac51-49a706ee6d00,Simple CNN,static/heatmaps\cam_Simple CNN_cloud_20260515_134041.jpg,/static/heatmaps/cam_Simple%20CNN_cloud_20260515_134041.jpg,2026-05-15 13:44:34
f1da190d-91a0-4338-9cca-af410ce68115,b87a2c77-e6c2-4fc6-ac51-49a706ee6d00,MobileNetV2,static/heatmaps\cam_MobileNetV2_cloud_20260515_134041.jpg,/static/heatmaps/cam_MobileNetV2_cloud_20260515_134041.jpg,2026-05-15 13:44:34
d8e1a2fa-df02-4168-8742-ad2d5485e9cf,b87a2c77-e6c2-4fc6-ac51-49a706ee6d00,EfficientNetB0,static/heatmaps\cam_EfficientNetB0_cloud_20260515_134041.jpg,/static/heatmaps/cam_EfficientNetB0_cloud_20260515_134041.jpg,2026-05-15 13:44:34
467042ef-173a-4b77-91f9-0c93f3edd9f0,18a16b18-2e1b-472f-9fad-14ceec0b0cb8,Simple CNN,static/heatmaps\cam_Simple CNN_cloud_20260515_134041.jpg,/static/heatmaps/cam_Simple%20CNN_cloud_20260515_134041.jpg,2026-05-15 13:44:40
ca60b06a-1b3d-4939-b014-e25538b47280,18a16b18-2e1b-472f-9fad-14ceec0b0cb8,MobileNetV2,static/heatmaps\cam_MobileNetV2_cloud_20260515_134041.jpg,/static/heatmaps/cam_MobileNetV2_cloud_20260515_134041.jpg,2026-05-15 13:44:40
f4712d2c-3075-42d1-90c2-226bf8aea554,18a16b18-2e1b-472f-9fad-14ceec0b0cb8,EfficientNetB0,static/heatmaps\cam_EfficientNetB0_cloud_20260515_134041.jpg,/static/heatmaps/cam_EfficientNetB0_cloud_20260515_134041.jpg,2026-05-15 13:44:40
afe687f4-f698-45e0-893a-2c90cfbfe7fb,15983ce8-4c50-4669-a386-449c8a79bc50,Simple CNN,static/heatmaps\cam_Simple CNN_cloud_20260515_134041.jpg,/static/heatmaps/cam_Simple%20CNN_cloud_20260515_134041.jpg,2026-05-15 13:45:32
fa075524-8089-41c7-a8b4-da886559993b,15983ce8-4c50-4669-a386-449c8a79bc50,MobileNetV2,static/heatmaps\cam_MobileNetV2_cloud_20260515_134041.jpg,/static/heatmaps/cam_MobileNetV2_cloud_20260515_134041.jpg,2026-05-15 13:45:32
c08ab556-796a-44e9-902a-db684bf576a9,15983ce8-4c50-4669-a386-449c8a79bc50,EfficientNetB0,static/heatmaps\cam_EfficientNetB0_cloud_20260515_134041.jpg,/static/heatmaps/cam_EfficientNetB0_cloud_20260515_134041.jpg,2026-05-15 13:45:32
b47f810c-7521-408c-91d7-373a606ceddd,f535e85c-86d7-4d55-958f-8478bf0133d8,Simple CNN,static/heatmaps\cam_Simple CNN_cloud_20260515_135426.jpg,/static/heatmaps/cam_Simple%20CNN_cloud_20260515_135426.jpg,2026-05-15 13:54:28
09e88efd-324f-4b0a-80f4-b50fd0153846,f535e85c-86d7-4d55-958f-8478bf0133d8,MobileNetV2,static/heatmaps\cam_MobileNetV2_cloud_20260515_135426.jpg,/static/heatmaps/cam_MobileNetV2_cloud_20260515_135426.jpg,2026-05-15 13:54:28
c7ffb585-324d-4037-bee6-e4d6b07fa805,f535e85c-86d7-4d55-958f-8478bf0133d8,EfficientNetB0,static/heatmaps\cam_EfficientNetB0_cloud_20260515_135426.jpg,/static/heatmaps/cam_EfficientNetB0_cloud_20260515_135426.jpg,2026-05-15 13:54:28
c4325dcf-3e38-4aec-863a-a1b5bb5a6176,5b5ca966-1129-4aa0-8218-c6989be1dbd7,Simple CNN,static/heatmaps\cam_Simple CNN_cloud_20260515_135426.jpg,/static/heatmaps/cam_Simple%20CNN_cloud_20260515_135426.jpg,2026-05-15 13:58:08
87a8c106-56c2-4b74-a41a-aef86ecec001,5b5ca966-1129-4aa0-8218-c6989be1dbd7,MobileNetV2,static/heatmaps\cam_MobileNetV2_cloud_20260515_135426.jpg,/static/heatmaps/cam_MobileNetV2_cloud_20260515_135426.jpg,2026-05-15 13:58:08
a21910e4-0b39-4491-8700-bb8004706cbd,5b5ca966-1129-4aa0-8218-c6989be1dbd7,EfficientNetB0,static/heatmaps\cam_EfficientNetB0_cloud_20260515_135426.jpg,/static/heatmaps/cam_EfficientNetB0_cloud_20260515_135426.jpg,2026-05-15 13:58:08
8f88330a-9e8c-45c1-b4e2-b2c2f8a78831,ad1144c4-bff6-4967-9027-bb6b2651d213,Simple CNN,static/heatmaps\cam_Simple CNN_cloud_20260515_140332.jpeg,/static/heatmaps/cam_Simple%20CNN_cloud_20260515_140332.jpeg,2026-05-15 14:03:33
3803da24-74ff-48bb-a15b-36446c510afc,ad1144c4-bff6-4967-9027-bb6b2651d213,MobileNetV2,static/heatmaps\cam_MobileNetV2_cloud_20260515_140332.jpeg,/static/heatmaps/cam_MobileNetV2_cloud_20260515_140332.jpeg,2026-05-15 14:03:33
bf666bca-477e-41a2-ad5a-83adfc2eedba,ad1144c4-bff6-4967-9027-bb6b2651d213,EfficientNetB0,static/heatmaps\cam_EfficientNetB0_cloud_20260515_140332.jpeg,/static/heatmaps/cam_EfficientNetB0_cloud_20260515_140332.jpeg,2026-05-15 14:03:33
a2800dac-6ed3-49ec-8b97-269524aa03f6,3821fd85-7293-44c5-8889-723220b07c64,Simple CNN,static/heatmaps\cam_Simple CNN_cloud_20260515_140332.jpeg,/static/heatmaps/cam_Simple%20CNN_cloud_20260515_140332.jpeg,2026-05-15 17:47:10
1c6f8208-f7b6-4105-97b1-7545441730dd,3821fd85-7293-44c5-8889-723220b07c64,MobileNetV2,static/heatmaps\cam_MobileNetV2_cloud_20260515_140332.jpeg,/static/heatmaps/cam_MobileNetV2_cloud_20260515_140332.jpeg,2026-05-15 17:47:10
33c49544-575c-4eab-aca2-2416033e84d5,3821fd85-7293-44c5-8889-723220b07c64,EfficientNetB0,static/heatmaps\cam_EfficientNetB0_cloud_20260515_140332.jpeg,/static/heatmaps/cam_EfficientNetB0_cloud_20260515_140332.jpeg,2026-05-15 17:47:10
ad573c77-9b0a-432a-b6c7-1118ab25ec36,3d8cd052-477b-4b5c-86f3-d86ea27f21b4,Simple CNN,static/heatmaps\cam_Simple CNN_cloud_20260515_140332.jpeg,/static/heatmaps/cam_Simple%20CNN_cloud_20260515_140332.jpeg,2026-05-15 19:18:46
c4301f47-c878-4bf0-b193-d37dface36c1,3d8cd052-477b-4b5c-86f3-d86ea27f21b4,MobileNetV2,static/heatmaps\cam_MobileNetV2_cloud_20260515_140332.jpeg,/static/heatmaps/cam_MobileNetV2_cloud_20260515_140332.jpeg,2026-05-15 19:18:46
a66c3d11-8c7a-4a10-bff8-87d4b48050ef,3d8cd052-477b-4b5c-86f3-d86ea27f21b4,EfficientNetB0,static/heatmaps\cam_EfficientNetB0_cloud_20260515_140332.jpeg,/static/heatmaps/cam_EfficientNetB0_cloud_20260515_140332.jpeg,2026-05-15 19:18:46
abcb9b4b-4ba3-4530-ad97-046241f4f200,9dfe5a31-a60d-4e15-8bda-057ec59b47aa,Simple CNN,static/heatmaps\cam_Simple CNN_cloud_20260524_111416.jpeg,/static/heatmaps/cam_Simple%20CNN_cloud_20260524_111416.jpeg,2026-05-24 11:14:19
1c173892-48e3-40ad-a27d-7da48d66d928,9dfe5a31-a60d-4e15-8bda-057ec59b47aa,MobileNetV2,static/heatmaps\cam_MobileNetV2_cloud_20260524_111416.jpeg,/static/heatmaps/cam_MobileNetV2_cloud_20260524_111416.jpeg,2026-05-24 11:14:19
c42f7f50-e333-49cf-882f-0fe1323062bb,9dfe5a31-a60d-4e15-8bda-057ec59b47aa,EfficientNetB0,static/heatmaps\cam_EfficientNetB0_cloud_20260524_111416.jpeg,/static/heatmaps/cam_EfficientNetB0_cloud_20260524_111416.jpeg,2026-05-24 11:14:19
51d57790-83ea-4cef-8eca-8634accab20a,8971fe80-a4f6-4e40-8bd7-941e69463648,Simple CNN,static/heatmaps\cam_Simple CNN_cloud_20260524_111701.jpg,/static/heatmaps/cam_Simple%20CNN_cloud_20260524_111701.jpg,2026-05-24 11:17:02
5a0f6d5b-0dae-47b1-a251-c2677ce1ce3a,8971fe80-a4f6-4e40-8bd7-941e69463648,MobileNetV2,static/heatmaps\cam_MobileNetV2_cloud_20260524_111701.jpg,/static/heatmaps/cam_MobileNetV2_cloud_20260524_111701.jpg,2026-05-24 11:17:02
311eb236-c9bf-48cd-9681-2dc9d99f6fc6,8971fe80-a4f6-4e40-8bd7-941e69463648,EfficientNetB0,static/heatmaps\cam_EfficientNetB0_cloud_20260524_111701.jpg,/static/heatmaps/cam_EfficientNetB0_cloud_20260524_111701.jpg,2026-05-24 11:17:02
b99f3445-99b5-4643-94de-0548776e5e83,cb06b585-2879-4bbb-9cec-2b82f477d1e2,Simple CNN,static/heatmaps\cam_Simple CNN_cloud_20260524_133411.jpeg,/static/heatmaps/cam_Simple%20CNN_cloud_20260524_133411.jpeg,2026-05-24 13:34:11
72cc6675-3847-4625-b6d1-b9c4c8602f83,cb06b585-2879-4bbb-9cec-2b82f477d1e2,MobileNetV2,static/heatmaps\cam_MobileNetV2_cloud_20260524_133411.jpeg,/static/heatmaps/cam_MobileNetV2_cloud_20260524_133411.jpeg,2026-05-24 13:34:11
814d6690-73bc-4277-b8a8-05d4911c5ba1,cb06b585-2879-4bbb-9cec-2b82f477d1e2,EfficientNetB0,static/heatmaps\cam_EfficientNetB0_cloud_20260524_133411.jpeg,/static/heatmaps/cam_EfficientNetB0_cloud_20260524_133411.jpeg,2026-05-24 13:34:11
ac7670e7-b9d0-4232-9845-21fb6ea25b04,95c357c1-6c6a-43e5-82c8-f429136e093e,Simple CNN,static/heatmaps\cam_Simple CNN_cloud_20260524_133411.jpeg,/static/heatmaps/cam_Simple%20CNN_cloud_20260524_133411.jpeg,2026-05-24 13:54:51
9fb59a0c-85da-4dcd-a647-5f61a9fc7837,95c357c1-6c6a-43e5-82c8-f429136e093e,MobileNetV2,static/heatmaps\cam_MobileNetV2_cloud_20260524_133411.jpeg,/static/heatmaps/cam_MobileNetV2_cloud_20260524_133411.jpeg,2026-05-24 13:54:51
5aacbbce-851a-46e3-9872-0537d620259f,95c357c1-6c6a-43e5-82c8-f429136e093e,EfficientNetB0,static/heatmaps\cam_EfficientNetB0_cloud_20260524_133411.jpeg,/static/heatmaps/cam_EfficientNetB0_cloud_20260524_133411.jpeg,2026-05-24 13:54:51
e7dde16a-7ab3-4af9-901a-0c4fe4fd2bea,af141ede-5de6-44f7-89eb-e9daa5233d73,Simple CNN,static/heatmaps\cam_Simple CNN_cloud_20260524_133411.jpeg,/static/heatmaps/cam_Simple%20CNN_cloud_20260524_133411.jpeg,2026-05-24 16:26:09
e8d94514-0814-4a64-809c-005628813389,af141ede-5de6-44f7-89eb-e9daa5233d73,MobileNetV2,static/heatmaps\cam_MobileNetV2_cloud_20260524_133411.jpeg,/static/heatmaps/cam_MobileNetV2_cloud_20260524_133411.jpeg,2026-05-24 16:26:09
23ae0a7b-b7a8-4122-83c3-773050dcadc9,af141ede-5de6-44f7-89eb-e9daa5233d73,EfficientNetB0,static/heatmaps\cam_EfficientNetB0_cloud_20260524_133411.jpeg,/static/heatmaps/cam_EfficientNetB0_cloud_20260524_133411.jpeg,2026-05-24 16:26:09
c8e78f6a-bce1-44ac-9eb2-2fdfaf4ccc52,30a64ead-3bde-46e5-a186-54a46315a070,Simple CNN,static/heatmaps\cam_Simple CNN_cloud_20260725_234704.jpeg,/static/heatmaps/cam_Simple%20CNN_cloud_20260725_234704.jpeg,2026-07-25 23:47:05
41c54095-b255-435d-8c04-57b77f66aa49,30a64ead-3bde-46e5-a186-54a46315a070,MobileNetV2,static/heatmaps\cam_MobileNetV2_cloud_20260725_234704.jpeg,/static/heatmaps/cam_MobileNetV2_cloud_20260725_234704.jpeg,2026-07-25 23:47:05
b79b1d12-e3f1-43bc-9efa-42aa6e05a86b,30a64ead-3bde-46e5-a186-54a46315a070,EfficientNetB0,static/heatmaps\cam_EfficientNetB0_cloud_20260725_234704.jpeg,/static/heatmaps/cam_EfficientNetB0_cloud_20260725_234704.jpeg,2026-07-25 23:47:05
b7520301-94e6-4700-b4fa-d47af01bcf0a,3422942d-92a4-42f7-b5ce-2f7fcdfb9f59,Simple CNN,static/heatmaps\cam_Simple CNN_cloud_20260807_142519.png,/static/heatmaps/cam_Simple%20CNN_cloud_20260807_142519.png,2026-08-07 14:25:22
b223de80-3ac8-4337-9edf-f97a77a13a30,3422942d-92a4-42f7-b5ce-2f7fcdfb9f59,MobileNetV2,static/heatmaps\cam_MobileNetV2_cloud_20260807_142519.png,/static/heatmaps/cam_MobileNetV2_cloud_20260807_142519.png,2026-08-07 14:25:22
1922bc88-c7b4-4e4d-815f-e1fee4e6f407,3422942d-92a4-42f7-b5ce-2f7fcdfb9f59,EfficientNetB0,static/heatmaps\cam_EfficientNetB0_cloud_20260807_142519.png,/static/heatmaps/cam_EfficientNetB0_cloud_20260807_142519.png,2026-08-07 14:25:22
a87f9885-bbcb-42e3-a335-368444036c9c,0640ec49-7e0b-4570-8e7b-55179d79ce4d,Simple CNN,static/heatmaps\cam_Simple CNN_cloud_20260807_142519.png,/static/heatmaps/cam_Simple%20CNN_cloud_20260807_142519.png,2026-08-07 14:27:58
c077e0ea-7e13-4007-aad2-a25f047ff128,0640ec49-7e0b-4570-8e7b-55179d79ce4d,MobileNetV2,static/heatmaps\cam_MobileNetV2_cloud_20260807_142519.png,/static/heatmaps/cam_MobileNetV2_cloud_20260807_142519.png,2026-08-07 14:27:58
eac3a93a-c66d-4b5e-829b-85d2605e53bc,0640ec49-7e0b-4570-8e7b-55179d79ce4d,EfficientNetB0,static/heatmaps\cam_EfficientNetB0_cloud_20260807_142519.png,/static/heatmaps/cam_EfficientNetB0_cloud_20260807_142519.png,2026-08-07 14:27:58
b1a55cb7-c719-42cf-9ca5-5fb3d574c499,e0d215f2-95e4-4fed-9c44-c22decb6ca36,Simple CNN,static/heatmaps\cam_Simple CNN_cloud_20260807_142519.png,/static/heatmaps/cam_Simple%20CNN_cloud_20260807_142519.png,2026-08-07 14:42:37
4d49dba6-f003-464b-a6e9-5c5ee70fa51a,e0d215f2-95e4-4fed-9c44-c22decb6ca36,MobileNetV2,static/heatmaps\cam_MobileNetV2_cloud_20260807_142519.png,/static/heatmaps/cam_MobileNetV2_cloud_20260807_142519.png,2026-08-07 14:42:37
77bb735b-94cd-410f-818e-aa66060e2635,e0d215f2-95e4-4fed-9c44-c22decb6ca36,EfficientNetB0,static/heatmaps\cam_EfficientNetB0_cloud_20260807_142519.png,/static/heatmaps/cam_EfficientNetB0_cloud_20260807_142519.png,2026-08-07 14:42:37
25381880-8a26-4eb8-9e5f-3a0c06e18a8f,465bce43-9766-47f3-8206-01ef9e3e75cf,Simple CNN,static/heatmaps\cam_Simple CNN_cloud_20260807_142519.png,/static/heatmaps/cam_Simple%20CNN_cloud_20260807_142519.png,2026-08-07 14:46:44
af9291e2-1e3a-4525-9e62-a779e221ccb8,465bce43-9766-47f3-8206-01ef9e3e75cf,MobileNetV2,static/heatmaps\cam_MobileNetV2_cloud_20260807_142519.png,/static/heatmaps/cam_MobileNetV2_cloud_20260807_142519.png,2026-08-07 14:46:44
b21f8c48-9b90-42bc-8362-399cd9de0b92,465bce43-9766-47f3-8206-01ef9e3e75cf,EfficientNetB0,static/heatmaps\cam_EfficientNetB0_cloud_20260807_142519.png,/static/heatmaps/cam_EfficientNetB0_cloud_20260807_142519.png,2026-08-07 14:46:44
14b4b969-c40e-4928-87af-8f1120f78bca,8d2a1312-75a7-4af2-aee8-8d03b75d6378,Simple CNN,static/heatmaps\cam_Simple CNN_cloud_20260807_142519.png,/static/heatmaps/cam_Simple%20CNN_cloud_20260807_142519.png,2026-08-07 14:51:24
78c61539-0ccb-4c4a-a0db-48385542cf35,8d2a1312-75a7-4af2-aee8-8d03b75d6378,MobileNetV2,static/heatmaps\cam_MobileNetV2_cloud_20260807_142519.png,/static/heatmaps/cam_MobileNetV2_cloud_20260807_142519.png,2026-08-07 14:51:24
86a2b871-9c6c-401e-8115-acfd762274cd,8d2a1312-75a7-4af2-aee8-8d03b75d6378,EfficientNetB0,static/heatmaps\cam_EfficientNetB0_cloud_20260807_142519.png,/static/heatmaps/cam_EfficientNetB0_cloud_20260807_142519.png,2026-08-07 14:51:24
7290606f-dec9-42e3-8c34-a5317460ff1d,715d50e5-dfe2-4ee7-bb88-12f82de158d0,Simple CNN,static/heatmaps\cam_Simple CNN_cloud_20260807_142519.png,/static/heatmaps/cam_Simple%20CNN_cloud_20260807_142519.png,2026-08-07 15:14:02
f6ee6739-a6b3-429c-8558-561b03828ea3,715d50e5-dfe2-4ee7-bb88-12f82de158d0,MobileNetV2,static/heatmaps\cam_MobileNetV2_cloud_20260807_142519.png,/static/heatmaps/cam_MobileNetV2_cloud_20260807_142519.png,2026-08-07 15:14:02
cd03d3ad-814e-47c1-ad5d-dea77c1d12f1,715d50e5-dfe2-4ee7-bb88-12f82de158d0,EfficientNetB0,static/heatmaps\cam_EfficientNetB0_cloud_20260807_142519.png,/static/heatmaps/cam_EfficientNetB0_cloud_20260807_142519.png,2026-08-07 15:14:02
3fb94583-fd0b-4ec7-9d22-6586a17ad4dd,c01bc921-5153-4397-b0f1-09a43b56c21d,Simple CNN,static/heatmaps\cam_Simple CNN_cloud_20260807_142519.png,/static/heatmaps/cam_Simple%20CNN_cloud_20260807_142519.png,2026-08-07 15:20:56
bf6fc450-5d3c-4a9d-82a4-73727353e0d0,c01bc921-5153-4397-b0f1-09a43b56c21d,MobileNetV2,static/heatmaps\cam_MobileNetV2_cloud_20260807_142519.png,/static/heatmaps/cam_MobileNetV2_cloud_20260807_142519.png,2026-08-07 15:20:56
75263940-fb17-4a46-a8ad-d9966dc3593c,c01bc921-5153-4397-b0f1-09a43b56c21d,EfficientNetB0,static/heatmaps\cam_EfficientNetB0_cloud_20260807_142519.png,/static/heatmaps/cam_EfficientNetB0_cloud_20260807_142519.png,2026-08-07 15:20:56
f04507fa-0969-4b81-b4e2-7f86303d5772,fb72b124-88db-4ca7-8ab0-5f082efba043,Simple CNN,static/heatmaps\cam_Simple CNN_cloud_20260807_142519.png,/static/heatmaps/cam_Simple%20CNN_cloud_20260807_142519.png,2026-08-07 15:57:41
8be5702c-7369-4fd6-8fd9-e5b4432ef1f5,fb72b124-88db-4ca7-8ab0-5f082efba043,MobileNetV2,static/heatmaps\cam_MobileNetV2_cloud_20260807_142519.png,/static/heatmaps/cam_MobileNetV2_cloud_20260807_142519.png,2026-08-07 15:57:41
af4dc3ba-c7a4-4437-8820-e0582328f752,fb72b124-88db-4ca7-8ab0-5f082efba043,EfficientNetB0,static/heatmaps\cam_EfficientNetB0_cloud_20260807_142519.png,/static/heatmaps/cam_EfficientNetB0_cloud_20260807_142519.png,2026-08-07 15:57:41
bef07984-5aad-4f99-bb93-0046a7fc3742,ed030614-a9aa-4ffc-8d88-4c84c734e6a7,Simple CNN,static/heatmaps\cam_Simple CNN_cloud_20260807_142519.png,/static/heatmaps/cam_Simple%20CNN_cloud_20260807_142519.png,2026-08-07 23:45:48
aac655cc-183e-4bb2-a97f-5a4ab6e3c926,ed030614-a9aa-4ffc-8d88-4c84c734e6a7,MobileNetV2,static/heatmaps\cam_MobileNetV2_cloud_20260807_142519.png,/static/heatmaps/cam_MobileNetV2_cloud_20260807_142519.png,2026-08-07 23:45:48
f4daa385-add4-4864-b20b-34d50656a22f,ed030614-a9aa-4ffc-8d88-4c84c734e6a7,EfficientNetB0,static/heatmaps\cam_EfficientNetB0_cloud_20260807_142519.png,/static/heatmaps/cam_EfficientNetB0_cloud_20260807_142519.png,2026-08-07 23:45:48
5e74c46f-5cb7-4fa1-aa94-9a67d53eb118,ecc44b28-fc2e-4e99-971d-ce90c162b87b,Simple CNN,static/heatmaps\cam_Simple CNN_cloud_20260807_142519.png,/static/heatmaps/cam_Simple%20CNN_cloud_20260807_142519.png,2026-08-08 01:45:42
da6d9a98-cf01-4901-b1a3-8e938f23ab78,ecc44b28-fc2e-4e99-971d-ce90c162b87b,MobileNetV2,static/heatmaps\cam_MobileNetV2_cloud_20260807_142519.png,/static/heatmaps/cam_MobileNetV2_cloud_20260807_142519.png,2026-08-08 01:45:42
164393a7-8abe-4267-b07f-0d9b8306f870,ecc44b28-fc2e-4e99-971d-ce90c162b87b,EfficientNetB0,static/heatmaps\cam_EfficientNetB0_cloud_20260807_142519.png,/static/heatmaps/cam_EfficientNetB0_cloud_20260807_142519.png,2026-08-08 01:45:42
ca20715f-00b6-41d9-988e-4d659b69415d,6deb0d2c-a497-4418-a001-4e11d12b10cf,Simple CNN,static/heatmaps\cam_Simple CNN_cloud_20260807_142519.png,/static/heatmaps/cam_Simple%20CNN_cloud_20260807_142519.png,2026-08-08 01:48:34
d101dd8f-1a68-4cb8-967a-ef23ff370b38,6deb0d2c-a497-4418-a001-4e11d12b10cf,MobileNetV2,static/heatmaps\cam_MobileNetV2_cloud_20260807_142519.png,/static/heatmaps/cam_MobileNetV2_cloud_20260807_142519.png,2026-08-08 01:48:34
7a375eac-4443-4467-917c-0c1cfc2aa839,6deb0d2c-a497-4418-a001-4e11d12b10cf,EfficientNetB0,static/heatmaps\cam_EfficientNetB0_cloud_20260807_142519.png,/static/heatmaps/cam_EfficientNetB0_cloud_20260807_142519.png,2026-08-08 01:48:34
77b183c7-0c4e-4578-8d16-623a60a6e612,6ae450f9-d62d-4991-9ac1-e505785826b6,Simple CNN,static/heatmaps\cam_Simple CNN_cloud_20260808_015652.png,/static/heatmaps/cam_Simple%20CNN_cloud_20260808_015652.png,2026-08-08 01:56:53
9c36b7fc-f88e-414f-9ec0-9e4262532341,6ae450f9-d62d-4991-9ac1-e505785826b6,MobileNetV2,static/heatmaps\cam_MobileNetV2_cloud_20260808_015652.png,/static/heatmaps/cam_MobileNetV2_cloud_20260808_015652.png,2026-08-08 01:56:53
9845c650-9220-4797-bb54-1275ea05943f,6ae450f9-d62d-4991-9ac1-e505785826b6,EfficientNetB0,static/heatmaps\cam_EfficientNetB0_cloud_20260808_015652.png,/static/heatmaps/cam_EfficientNetB0_cloud_20260808_015652.png,2026-08-08 01:56:53
7adaafae-4d87-43ff-a3e2-ae98d2c579c3,cb59e371-17b1-4010-9040-865b5776a7d6,Simple CNN,static/heatmaps\cam_Simple CNN_cloud_20260808_015652.png,/static/heatmaps/cam_Simple%20CNN_cloud_20260808_015652.png,2026-08-08 04:43:25
a8395f35-5b5c-478d-ba3e-ab58d51b0f4f,cb59e371-17b1-4010-9040-865b5776a7d6,MobileNetV2,static/heatmaps\cam_MobileNetV2_cloud_20260808_015652.png,/static/heatmaps/cam_MobileNetV2_cloud_20260808_015652.png,2026-08-08 04:43:25
49ccecd2-8612-441d-9319-b4619abe0931,cb59e371-17b1-4010-9040-865b5776a7d6,EfficientNetB0,static/heatmaps\cam_EfficientNetB0_cloud_20260808_015652.png,/static/heatmaps/cam_EfficientNetB0_cloud_20260808_015652.png,2026-08-08 04:43:25
65e4cdf2-05da-4d63-8474-2d6cfd0f2ebc,c43db38b-86a8-4db9-a1e4-781bf7720883,Simple CNN,static/heatmaps\cam_Simple CNN_cloud_20260808_015652.png,/static/heatmaps/cam_Simple%20CNN_cloud_20260808_015652.png,2026-08-08 05:32:10
dbd1bfb1-fb86-4ccf-abf7-14320e95c904,c43db38b-86a8-4db9-a1e4-781bf7720883,MobileNetV2,static/heatmaps\cam_MobileNetV2_cloud_20260808_015652.png,/static/heatmaps/cam_MobileNetV2_cloud_20260808_015652.png,2026-08-08 05:32:10
41c2e995-a70a-40ed-bbb6-9482bd418c6d,c43db38b-86a8-4db9-a1e4-781bf7720883,EfficientNetB0,static/heatmaps\cam_EfficientNetB0_cloud_20260808_015652.png,/static/heatmaps/cam_EfficientNetB0_cloud_20260808_015652.png,2026-08-08 05:32:10
b1b1d15e-83f3-418d-ac02-2c8b090894fe,84f5486a-3407-47a3-87e5-e4f11c3f72f9,Simple CNN,static/heatmaps\cam_Simple CNN_cloud_20260808_015652.png,/static/heatmaps/cam_Simple%20CNN_cloud_20260808_015652.png,2026-08-08 05:37:52
abced78b-976f-4e60-a0c6-747fafe768f2,84f5486a-3407-47a3-87e5-e4f11c3f72f9,MobileNetV2,static/heatmaps\cam_MobileNetV2_cloud_20260808_015652.png,/static/heatmaps/cam_MobileNetV2_cloud_20260808_015652.png,2026-08-08 05:37:52
eb38366e-b4a9-4d88-86ae-35f116aa64d7,84f5486a-3407-47a3-87e5-e4f11c3f72f9,EfficientNetB0,static/heatmaps\cam_EfficientNetB0_cloud_20260808_015652.png,/static/heatmaps/cam_EfficientNetB0_cloud_20260808_015652.png,2026-08-08 05:37:52
64ae9364-0477-4bf1-934f-dfabd6aad398,a7e9d58e-c19d-4a51-92fa-98d078774197,Simple CNN,static/heatmaps\cam_Simple CNN_cloud_20260808_015652.png,/static/heatmaps/cam_Simple%20CNN_cloud_20260808_015652.png,2026-08-08 06:08:53
e999def7-f1f7-47bc-8500-2dec68a3ec27,a7e9d58e-c19d-4a51-92fa-98d078774197,MobileNetV2,static/heatmaps\cam_MobileNetV2_cloud_20260808_015652.png,/static/heatmaps/cam_MobileNetV2_cloud_20260808_015652.png,2026-08-08 06:08:53
eadb4dd9-c598-44e2-bb32-ce34ce8e20f5,a7e9d58e-c19d-4a51-92fa-98d078774197,EfficientNetB0,static/heatmaps\cam_EfficientNetB0_cloud_20260808_015652.png,/static/heatmaps/cam_EfficientNetB0_cloud_20260808_015652.png,2026-08-08 06:08:53
55ce77e8-189b-481a-a2d2-1c3f6a6ba90e,234ba7da-0eef-4bf5-bf42-e98992fa95e5,Simple CNN,static/heatmaps\cam_Simple CNN_cloud_20260808_015652.png,/static/heatmaps/cam_Simple%20CNN_cloud_20260808_015652.png,2026-08-08 06:34:39
eba341a3-35d9-4c47-8e11-9cccd2d0b822,234ba7da-0eef-4bf5-bf42-e98992fa95e5,MobileNetV2,static/heatmaps\cam_MobileNetV2_cloud_20260808_015652.png,/static/heatmaps/cam_MobileNetV2_cloud_20260808_015652.png,2026-08-08 06:34:39
245dfab6-384e-4eee-82fd-dd551a4b1739,234ba7da-0eef-4bf5-bf42-e98992fa95e5,EfficientNetB0,static/heatmaps\cam_EfficientNetB0_cloud_20260808_015652.png,/static/heatmaps/cam_EfficientNetB0_cloud_20260808_015652.png,2026-08-08 06:34:39
736948d7-ca86-4844-a853-49596d40abd1,5f1175cc-9ac3-4fea-9e8c-2fc6569eb124,Simple CNN,static/heatmaps\cam_Simple CNN_cloud_20260811_125734.png,/static/heatmaps/cam_Simple%20CNN_cloud_20260811_125734.png,2026-08-11 12:57:35
2dbdd0f2-59a1-4aad-88fe-9af75d319d54,5f1175cc-9ac3-4fea-9e8c-2fc6569eb124,MobileNetV2,static/heatmaps\cam_MobileNetV2_cloud_20260811_125734.png,/static/heatmaps/cam_MobileNetV2_cloud_20260811_125734.png,2026-08-11 12:57:35
8d2788bd-2b96-42cf-abe6-08361e552866,5f1175cc-9ac3-4fea-9e8c-2fc6569eb124,EfficientNetB0,static/heatmaps\cam_EfficientNetB0_cloud_20260811_125734.png,/static/heatmaps/cam_EfficientNetB0_cloud_20260811_125734.png,2026-08-11 12:57:35
942c2ab6-ebc1-4dfe-b5fb-b034e9e79371,58d73c49-18c2-49c4-aa48-419b873a2fe4,Simple CNN,static/heatmaps\cam_Simple CNN_cloud_20260814_131624.png,/static/heatmaps/cam_Simple%20CNN_cloud_20260814_131624.png,2026-08-14 13:16:27
a2d04b12-f643-4e34-a383-8e7ee03bf0c7,58d73c49-18c2-49c4-aa48-419b873a2fe4,MobileNetV2,static/heatmaps\cam_MobileNetV2_cloud_20260814_131624.png,/static/heatmaps/cam_MobileNetV2_cloud_20260814_131624.png,2026-08-14 13:16:27
90425720-1662-4081-88b1-283601a12330,58d73c49-18c2-49c4-aa48-419b873a2fe4,EfficientNetB0,static/heatmaps\cam_EfficientNetB0_cloud_20260814_131624.png,/static/heatmaps/cam_EfficientNetB0_cloud_20260814_131624.png,2026-08-14 13:16:27
e75df8dc-b944-483e-a8d9-f21ee8567776,e091188f-7992-4ddd-8c03-38b2d724a92d,Simple CNN,static/heatmaps\cam_Simple CNN_cloud_20260814_181440.png,/static/heatmaps/cam_Simple%20CNN_cloud_20260814_181440.png,2026-08-14 18:14:42
c80e19cf-1320-4259-a2da-0746d3cd7883,e091188f-7992-4ddd-8c03-38b2d724a92d,MobileNetV2,static/heatmaps\cam_MobileNetV2_cloud_20260814_181440.png,/static/heatmaps/cam_MobileNetV2_cloud_20260814_181440.png,2026-08-14 18:14:42
c9f8cbff-fd1c-404a-a086-5b4a1afa4823,e091188f-7992-4ddd-8c03-38b2d724a92d,EfficientNetB0,static/heatmaps\cam_EfficientNetB0_cloud_20260814_181440.png,/static/heatmaps/cam_EfficientNetB0_cloud_20260814_181440.png,2026-08-14 18:14:42
6acb6565-54ce-47cb-b07f-9c9f2bc01b33,9d166598-b0fe-4fed-b58f-a5d2fc15affc,Simple CNN,static/heatmaps\cam_Simple CNN_cloud_20260814_181502.png,/static/heatmaps/cam_Simple%20CNN_cloud_20260814_181502.png,2026-08-14 18:15:03
db8972cf-dc10-4ef7-a543-da1773f2a985,9d166598-b0fe-4fed-b58f-a5d2fc15affc,MobileNetV2,static/heatmaps\cam_MobileNetV2_cloud_20260814_181502.png,/static/heatmaps/cam_MobileNetV2_cloud_20260814_181502.png,2026-08-14 18:15:03
33494814-a68c-4783-b849-5eb5282839da,9d166598-b0fe-4fed-b58f-a5d2fc15affc,EfficientNetB0,static/heatmaps\cam_EfficientNetB0_cloud_20260814_181502.png,/static/heatmaps/cam_EfficientNetB0_cloud_20260814_181502.png,2026-08-14 18:15:03
